{
    "WT": {
        "BF1": {
            "pearson_r": -0.6607948307757332,
            "p_value": 0.007320884507234063,
            "spearman_rho": -0.5464285714285714
        },
        "HD95": {
            "pearson_r": 0.848335039586271,
            "p_value": 6.414785547295352e-05
        }
    },
    "TC": {
        "BF1": {
            "pearson_r": -0.8551397863533275,
            "p_value": 4.842596831736115e-05,
            "spearman_rho": -0.8678571428571429
        },
        "HD95": {
            "pearson_r": 0.710384156979819,
            "p_value": 0.002998500446786862
        }
    },
    "ET": {
        "BF1": {
            "pearson_r": -0.8650528495947996,
            "p_value": 3.1320867416161195e-05,
            "spearman_rho": -0.7499999999999999
        },
        "HD95": {
            "pearson_r": 0.7621900965983269,
            "p_value": 0.0009557643014328581
        }
    }
}