{
    "p_value": 6.103515625e-05,
    "effect_size": 2.666051065075119,
    "mean_improvement": 0.17098357302755704
}